{
  "width": 1280,
  "height": 720,
  "fx": 765.924059488859,
  "fy": 765.4664588620507,
  "cx": 646.6240000261831,
  "cy": 365.8248519689665,
  "dist_coeffs": [
    0.09217283086787045,
    -0.11526566137629435,
    0.0013528051910911107,
    0.001999155652236615,
    0.04589787600037745
  ],
  "checkerboard_inner_corners": {
    "cols": 19,
    "rows": 19
  },
  "square_size_mm": 12.7,
  "rms_px": 0.05363790587281235
}