{
  "fx": 504.3227233886719,
  "fy": 504.2591247558594,
  "cx": 320.16888427734375,
  "cy": 345.57403564453125,
  "width": 640,
  "height": 576
}