{
  "fx": 748.8987426757812,
  "fy": 748.3513793945312,
  "cx": 639.8699951171875,
  "cy": 361.9516906738281,
  "width": 1280,
  "height": 720
}