{
  "R_dc": [
    [
      0.9999580383300781,
      -0.003694587852805853,
      -0.00838585663586855
    ],
    [
      0.003633540589362383,
      0.9999668598175049,
      -0.007283387705683708
    ],
    [
      0.008412487804889679,
      0.007252611685544252,
      0.9999383091926575
    ]
  ],
  "t_dc": [
    0.014984656125307083,
    -7.235365774249658e-05,
    -0.0002300637133885175
  ]
}