{
  "device_serial": "151322067775",
  "width": 640,
  "height": 480,
  "fx": 608.2335815429688,
  "fy": 607.8508911132812,
  "ppx": 312.52239990234375,
  "ppy": 232.65150451660156,
  "coeffs": [
    0.0,
    0.0,
    0.0,
    0.0,
    0.0
  ],
  "distortion_model": "distortion.inverse_brown_conrady"
}